name, image, description, price
"Ноутбук Lenovo", , "нетипичный товар", 55000
"Книга «Spring Boot»",, "очень интересная книжка", 1200
"кепка", "cap1.jfif", "кепка типа бейсболка", 500
"eщё кепка", "cap2.jfif", "кепка типа бейсболка", 510
"тоже кепка", "cap3.jfif", "кепка типа бейсболка", 500
"снова кепка", "cap4.jfif", "кепка типа бейсболка", 504
"опять кепка", "cap5.jfif", "кепка типа бейсболка", 505
"также кепка", "cap6.jfif", "кепка типа бейсболка", 502
"и снова кепка", "cap7.jfif", "кепка типа бейсболка", 501